Price,Close,High,Low,Open,Volume,EMA_10,EMA_20,EMA_50,RSI_14,TR,ATR_14,SMA_100,Daily_Return,Price_Range,Close_Open_Diff,Volume_Change
Ticker,TSLA,TSLA,TSLA,TSLA,TSLA,,,,,,,,,,,
Date,,,,,,,,,,,,,,,,
2025-02-27,281.95001220703125,297.2300109863281,280.8800048828125,291.1600036621094,101748200,323.4784073298972,345.0355080814331,362.91541976715695,21.161417097768293,16.350006103515625,18.464996337890625,344.15339950561525,-0.030433204805490277,16.350006103515625,-9.209991455078125,0.016279741066318465
2025-02-28,292.9800109863281,293.8800048828125,273.6000061035156,279.5,115697000,317.9332443583392,340.0778416914231,360.1728547169284,28.344277078331075,20.279998779296875,18.469996861049108,344.6765995788574,0.03912040539724382,20.279998779296875,13.480010986328125,0.13709136869251748
2025-03-03,284.6499938964844,303.94000244140625,277.29998779296875,300.3399963378906,115551400,311.8817442743656,334.79899904428606,357.2111739004404,28.809646464369692,26.6400146484375,19.502140590122767,345.02229949951175,-0.02843203214376444,26.6400146484375,-15.69000244140625,-0.0012584595970509538
2025-03-04,272.0400085449219,284.3500061035156,261.8399963378906,270.92999267578125,126706600,304.6377923235576,328.8219523300609,353.871128200224,30.704038144673333,22.80999755859375,19.300711495535715,345.3343995666504,-0.04429996705409467,22.510009765625,1.110015869140625,0.09653885630117842
2025-03-05,279.1000061035156,279.54998779296875,267.7099914550781,272.9200134277344,94042900,299.9945584653682,324.0865288799137,350.9389273336864,30.25111756059266,11.839996337890625,18.867854527064733,345.6803996276856,0.025952056083059283,11.839996337890625,6.17999267578125,-0.2577900440861013
2025-03-06,263.45001220703125,272.6499938964844,260.0199890136719,272.05999755859375,98451600,293.3500955093069,318.31162253011536,347.5079894855823,17.334186109577004,19.08001708984375,18.646427699497767,345.90439971923826,-0.056073068986891905,12.6300048828125,-8.6099853515625,0.04687966874692284
2025-03-07,262.6700134277344,266.25,250.72999572753906,259.32000732421875,102369600,287.7718987672028,313.0124216632219,344.1810100323334,17.25132410890818,15.520004272460938,18.71928514753069,346.14339981079104,-0.0029607088371812473,15.520004272460938,3.350006103515625,0.039796204429384696
2025-03-10,222.14999389648438,253.3699951171875,220.0,252.5399932861328,189076900,275.84064333616305,304.35885711400886,339.3954799877903,13.555019546319073,42.670013427734375,21.118570600237167,346.1868997192383,-0.1542620682219512,33.3699951171875,-30.389999389648438,0.8470024304090278
2025-03-11,230.5800018310547,237.05999755859375,217.02000427246094,225.30999755859375,174896400,267.6114357897797,297.3322994680132,335.12820633458495,14.490221644285796,20.039993286132812,21.573571341378347,346.30109970092775,0.037947369642955975,20.039993286132812,5.2700042724609375,-0.0749985852317232
2025-03-12,248.08999633789062,251.83999633789062,241.10000610351562,247.22000122070312,142215700,264.0620831621635,292.6425563127635,331.71494319745966,22.65267267859464,21.259994506835938,22.070714678083146,346.58629959106446,0.0759389121683911,10.739990234375,0.8699951171875,-0.18685747676910447
2025-03-13,240.67999267578125,248.2899932861328,232.60000610351562,248.1300048828125,114813500,259.8107939828213,287.69374072828896,328.144945137786,23.77686603346288,15.689987182617188,21.722856794084823,346.77979949951174,-0.02986820819658198,15.689987182617188,-7.45001220703125,-0.19268055495982506
2025-03-14,249.97999572753906,251.5800018310547,240.72999572753906,247.30999755859375,100242300,258.0233761182245,284.10195549012235,325.07965300405084,28.486726092886983,10.900009155273438,21.237144470214844,347.0706994628906,0.038640532386444715,10.850006103515625,2.6699981689453125,-0.12691190495891158
2025-03-17,238.00999450683594,245.39999389648438,232.8000030517578,245.05999755859375,111900600,254.38457946160838,279.71224492028557,321.66515659239536,31.105280128499558,17.17999267578125,20.08714403424944,347.2437994384766,-0.04788383640805238,12.599990844726562,-7.0500030517578125,0.1163012021871006
2025-03-18,225.30999755859375,230.10000610351562,222.27999877929688,228.16000366210938,111477600,249.09829184287844,274.53107850488635,317.8865229047953,30.978799722248368,15.729995727539062,19.713572910853795,347.30839935302737,-0.05335909096824687,7.82000732421875,-2.850006103515625,-0.0037801405890585116
2025-03-19,235.86000061035156,241.41000366210938,229.1999969482422,231.61000061035156,111993800,246.6913298006008,270.8481187054068,314.6697965403073,36.7443181095078,16.100006103515625,19.695715767996653,347.4872993469238,0.046824389357219776,12.210006713867188,4.25,0.004630526670828861
2025-03-20,236.25999450683594,238.0,230.0500030517578,233.35000610351562,99028300,244.79472338355262,267.55401163887626,311.59490234291627,32.62467505429434,7.9499969482421875,18.815001351492747,347.71339935302734,0.0016958954271570903,7.9499969482421875,2.9099884033203125,-0.11576980154258543
2025-03-21,248.7100067138672,249.52000427246094,234.5500030517578,234.99000549316406,132728700,245.50659307997344,265.7593445031611,309.12882800452223,39.26138858253482,14.970001220703125,17.981428963797434,347.59569931030273,0.05269623506518384,14.970001220703125,13.720001220703125,0.3403108000440278
2025-03-24,278.3900146484375,278.6400146484375,256.3299865722656,258.0799865722656,169079900,251.48539700151235,266.9622654693779,307.9233843434993,51.72170840154182,29.930007934570312,18.490001133510045,347.68769943237305,0.11933580126800525,22.310028076171875,20.310028076171875,0.2738759590050983
2025-03-25,288.1400146484375,288.20001220703125,271.2799987792969,283.6000061035156,150361500,258.1498729373169,268.97919396262165,307.14756592408514,52.41582222755768,16.920013427734375,18.852859497070312,347.94399948120116,0.03502280788451673,16.920013427734375,4.540008544921875,-0.11070742294027858
2025-03-26,272.05999755859375,284.8999938964844,266.510009765625,282.6600036621094,153629800,260.67898650482175,269.2726038289047,305.7715828509286,52.295628060930994,21.6300048828125,19.035001482282365,348.0693995666504,-0.05580626179068926,18.389984130859375,-10.600006103515625,0.021736282226500814
2025-03-27,273.1300048828125,291.8500061035156,271.82000732421875,272.4800109863281,162572100,262.94280802809277,269.6399753578483,304.491520969826,52.78457769354657,20.029998779296875,19.35714394705636,348.22519973754885,0.0039329829222258805,20.029998779296875,0.649993896484375,0.05820680623160346
2025-03-28,263.54998779296875,276.1000061035156,260.57000732421875,275.5799865722656,123809400,263.0532043489793,269.0599765421455,302.88597064916496,63.194791082677156,15.529998779296875,17.41857147216797,348.36219955444335,-0.03507493471452938,15.529998779296875,-12.029998779296875,-0.23843390101991668
2025-03-31,259.1600036621094,260.55999755859375,243.36000061035156,249.30999755859375,134008900,262.3453496786393,268.117121982142,301.17122684575105,59.349644712113225,20.189987182617188,17.429285321916854,348.46399963378906,-0.016657121359109794,17.199996948242188,9.850006103515625,0.08238065930373617
2025-04-01,268.4599914550781,277.45001220703125,259.25,263.79998779296875,146486900,263.4571027289009,268.14977621765973,299.8884333010188,57.04210403489001,18.290008544921875,17.21714346749442,348.72019958496094,0.035885119854736525,18.20001220703125,4.660003662109375,0.09311321859966015
2025-04-02,282.760009765625,284.989990234375,251.27000427246094,254.60000610351562,212787800,266.96672219012345,269.54122703175165,299.21673041727786,63.88595670219329,33.71998596191406,18.505000523158483,349.0333996582031,0.05326685079977622,33.71998596191406,28.160003662109375,0.4526063422736095
2025-04-03,267.2799987792969,276.29998779296875,261.510009765625,265.2900085449219,136174300,267.0236815699731,269.3258719600893,297.96430956872956,55.48509723870204,21.25,19.244285583496094,348.82089965820313,-0.05474611137253549,14.78997802734375,1.989990234375,-0.3600464876275802
2025-04-04,239.42999267578125,261.0,236.0,255.3800048828125,181229400,262.00664722557457,266.47864536158374,295.668846161163,50.40903262318778,31.279998779296875,20.251428876604354,348.2460995483398,-0.10419786826814681,25.0,-15.95001220703125,0.3308634595514719
2025-04-07,233.2899932861328,252.0,214.25,223.77999877929688,183453800,256.7854374184033,263.31782135439795,293.22261663665205,52.388933243691866,37.75,21.824286324637278,347.36679946899415,-0.025644236634809525,37.75,9.509994506835938,0.012273946721668816
2025-04-08,221.86000061035156,250.44000244140625,217.8000030517578,245.0,171603500,250.43535799875752,259.36945747401256,290.4240826748363,45.83085306145372,32.63999938964844,23.005714416503906,346.08539947509763,-0.048994783337158565,32.63999938964844,-23.139999389648438,-0.06459555484814161
2025-04-09,272.20001220703125,274.69000244140625,223.8800048828125,224.69000244140625,219433400,254.39256785480728,260.5914150676334,289.7094132447263,58.24917501770583,52.83000183105469,26.211429050990514,345.5224996948242,0.22689989839624536,50.80999755859375,47.510009765625,0.278723336062493
2025-04-10,252.39999389648438,262.489990234375,239.3300018310547,260.0,181722600,254.03028168056673,259.8112797180002,288.2462987604815,50.81930500742747,32.87001037597656,27.490001133510045,344.7440997314453,-0.07274069589492627,23.159988403320312,-7.600006103515625,-0.17185533287093036
2025-04-11,252.30999755859375,257.739990234375,241.36000061035156,251.83999633789062,128948100,253.7175027492989,259.09687189329486,286.837032046682,43.33333125306288,16.379989624023438,26.522142682756698,344.15539978027346,-0.00035656236159631316,16.379989624023438,0.470001220703125,-0.2904124198090936
2025-04-14,252.35000610351562,261.79998779296875,245.92999267578125,258.3599853515625,100135200,253.4688669955201,258.45431324664924,285.4845996567539,40.37334069252826,15.8699951171875,26.44714137486049,343.47169982910157,0.00015856900364230597,15.8699951171875,-6.009979248046875,-0.22344571187943052
2025-04-15,254.11000061035156,258.75,247.5399932861328,249.91000366210938,79594300,253.58543674367127,258.0405691860494,284.25422322356167,44.76890150004247,11.210006713867188,25.702855791364396,342.62539993286134,0.0069744183248166,11.210006713867188,4.1999969482421875,-0.2051316619929855
2025-04-16,241.5500030517578,251.97000122070312,233.88999938964844,247.61000061035156,112378700,251.39717607241425,256.4700390780216,282.57954792270664,41.3744143026149,20.220001220703125,25.716427394321986,341.5808999633789,-0.049427403598542585,18.080001831054688,-6.05999755859375,0.41189381651701185
2025-04-17,241.3699951171875,244.33999633789062,237.67999267578125,243.47000122070312,83404800,249.57405226237302,255.03193965318027,280.9634870283726,43.613961675018615,6.660003662109375,25.08285631452288,340.5742999267578,-0.0007452201709629014,6.660003662109375,-2.100006103515625,-0.25782376909503313
2025-04-21,227.5,232.2100067138672,222.7899932861328,230.25999450683594,97768000,245.56058821466883,252.4098501624012,278.86687969392665,41.356340544360535,18.580001831054688,24.967857360839844,339.4528997802734,-0.05746362595919796,9.420013427734375,-2.7599945068359375,0.17221071209330874
2025-04-22,237.97000122070312,242.7899932861328,229.85000610351562,230.9600067138672,120858500,244.18048148849323,251.03462645366807,277.26308053811397,41.7286146868468,15.289993286132812,24.753570556640625,338.3069998168945,0.04602198338770602,12.939987182617188,7.0099945068359375,0.2361764585549464
2025-04-23,250.74000549316406,259.45001220703125,244.42999267578125,254.86000061035156,150381900,245.37312221661517,251.00656731457246,276.22295994811594,41.24083694412561,21.480010986328125,23.87928662981306,337.4284999084473,0.0536622440095611,15.02001953125,-4.1199951171875,0.24428070843176108
2025-04-24,259.510009765625,259.5400085449219,249.1999969482422,250.5,94464200,247.9434654073442,251.81641897657747,275.56755013703787,47.793494819188545,10.340011596679688,23.100001743861608,336.64129989624024,0.0349764859229853,10.340011596679688,9.010009765625,-0.37183796720217
2025-04-25,284.95001220703125,286.8500061035156,259.6300048828125,261.69000244140625,167560700,254.67192846183275,254.97199928423973,275.9354898260572,63.10607237476127,27.339996337890625,22.818572998046875,336.16189987182617,0.09803091011549903,27.220001220703125,23.260009765625,0.7738010801975774
2025-04-28,285.8800048828125,294.8599853515625,272.4200134277344,288.9800109863281,151731800,260.3461241747382,257.91561886505616,276.32547080867505,65.60997418280343,22.439971923828125,21.724999564034597,335.5690998840332,0.0032637046356942534,22.439971923828125,-3.100006103515625,-0.09446666193206399
2025-04-29,292.0299987792969,293.32000732421875,279.4700012207031,285.5,108906600,266.1068286482943,261.16460742831714,276.9413346506602,71.50211001793518,13.850006103515625,20.382857186453684,334.91849990844725,0.021512501019458785,13.850006103515625,6.529998779296875,-0.2822427467412896
2025-04-30,282.1600036621094,284.45001220703125,270.7799987792969,279.8999938964844,128961100,269.0255877417152,263.1641689743926,277.1459883373837,54.05867582077851,21.25,18.127142769949778,334.225899810791,-0.03379788089732105,13.670013427734375,2.260009765625,0.18414402800197593
2025-05-01,280.5199890136719,290.8699951171875,279.80999755859375,280.010009765625,99659000,271.11547888207093,264.8171042162287,277.278302089395,63.44939392515166,11.05999755859375,16.56928471156529,333.4517997741699,-0.005812356915055328,11.05999755859375,0.509979248046875,-0.22721657926304906
2025-05-02,287.2099914550781,294.7799987792969,279.80999755859375,284.8999938964844,114454700,274.041753895345,266.94976014373816,277.66778010373554,65.7009129461074,14.970001220703125,16.468571254185267,332.62899978637694,0.023848576584252656,14.970001220703125,2.30999755859375,0.14846325971563035
2025-05-05,280.260009765625,284.8500061035156,274.3999938964844,284.57000732421875,94618900,275.17234587175955,268.21740296487025,277.76943616890765,61.82126495051266,12.80999755859375,16.25,331.53939987182616,-0.024198258752220814,10.45001220703125,-4.30999755859375,-0.17330699394607652
2025-05-06,275.3500061035156,277.7300109863281,271.3500061035156,273.1099853515625,76715800,275.2046477320788,268.8966985018841,277.6745565585001,58.76237872441305,8.910003662109375,16.085714067731583,330.3949998474121,-0.017519458684867262,6.3800048828125,2.240020751953125,-0.18921272599871697
2025-05-07,276.2200012207031,277.9200134277344,271.0,276.8800048828125,71592600,275.3892574572832,269.5941559036764,277.6175151727042,65.8296045603313,6.920013427734375,15.135714939662389,329.1472999572754,0.003159597232260225,6.920013427734375,-0.660003662109375,-0.06678154956345372
2025-05-08,284.82000732421875,289.79998779296875,279.4100036621094,279.6300048828125,97539400,277.1039392512714,271.0442369913471,277.8999658453126,68.42195154140563,13.579986572265625,15.629999433244977,327.74780014038083,0.031134624811778533,10.389984130859375,5.19000244140625,0.3624229319790033
2025-05-09,298.260009765625,307.0400085449219,290.0,290.2099914550781,132387800,280.9504975266084,273.6362153508021,278.6983989402268,80.11064245345744,22.220001220703125,15.889999389648438,326.5494001770019,0.04718770485146129,17.040008544921875,8.050018310546875,0.3572751113908841
2025-05-12,318.3800048828125,322.2099914550781,311.5,321.989990234375,112826700,287.75586250046365,277.897528639565,280.25454034974,81.62013665827344,23.949981689453125,16.508569989885604,325.3709001159668,0.06745790403815088,10.709991455078125,-3.6099853515625,-0.1477560621144849
2025-05-13,334.07000732421875,337.5899963378906,316.79998779296875,320.0,136992600,296.17661610478274,283.2472885142939,282.3649508193274,82.0327542532396,20.790008544921875,16.45928410121373,324.08140029907224,0.049280740626853614,20.790008544921875,14.07000732421875,0.21418600384483466
2025-05-14,347.67999267578125,350.0,337.0,342.5,136997300,305.54086639041884,289.3837365296737,284.9263250097766,82.67734062021431,15.92999267578125,16.858568464006698,322.7596003723145,0.04073991993646375,13.0,5.17999267578125,3.430842249874111e-05
2025-05-15,342.82000732421875,346.1400146484375,334.7200012207031,340.3399963378906,97882600,312.3188920147461,294.4729051767732,287.1966654926959,75.30832561918703,12.959991455078125,15.831425258091517,321.7865003967285,-0.013978329078298546,11.420013427734375,2.480010986328125,-0.28551438604994406
2025-05-16,349.9800109863281,351.6199951171875,342.3299865722656,346.239990234375,95895700,319.16636819139734,299.75929620625465,289.6587574728384,76.58428318983707,9.290008544921875,14.892142159598214,320.92460037231444,0.0208856061756566,9.290008544921875,3.740020751953125,-0.020298806938107483
2025-05-19,342.0899963378906,343.0,333.3699951171875,336.29998779296875,88869900,323.3343005816688,303.79079145688667,291.71488448715417,70.46606809288325,16.610015869140625,15.089285714285714,320.1349003601074,-0.022544186527114873,9.6300048828125,5.790008544921875,-0.07326501605390023
2025-05-20,343.82000732421875,354.989990234375,341.6300048828125,347.8699951171875,131715500,327.0589745348597,307.6030977299659,293.7582226376273,77.00595728982744,13.3599853515625,14.525713239397321,319.2671003723145,0.005057180873010214,13.3599853515625,-4.04998779296875,0.4821159920287972
2025-05-21,334.6199951171875,347.3500061035156,332.20001220703125,344.42999267578125,102354800,328.4337055498284,310.176135576368,295.3606450878061,72.22313734840559,15.149993896484375,14.817855834960938,317.99050033569335,-0.026758222357769146,15.149993896484375,-9.80999755859375,-0.22290998401858553
2025-05-22,341.0400085449219,347.2699890136719,331.3900146484375,331.8999938964844,97113400,330.72576063984536,313.1155520495636,297.1519926743597,72.16138809359762,15.879974365234375,14.88285391671317,316.85960037231445,0.019185982671137136,15.879974365234375,9.1400146484375,-0.05120815047266958
2025-05-23,339.3399963378906,343.17999267578125,333.2099914550781,337.9200134277344,84654800,332.2919853122172,315.6131181722614,298.80642419057665,75.4216716220507,9.970001220703125,14.679997035435267,315.93640029907226,-0.004984788190348977,9.970001220703125,1.41998291015625,-0.1282891959297069
2025-05-27,362.8900146484375,363.7900085449219,347.32000732421875,347.3500061035156,120146400,337.8552633733482,320.11567974142105,301.3195061693163,82.4606835128877,24.45001220703125,15.78999764578683,315.39120040893556,0.06939947711644767,16.470001220703125,15.540008544921875,0.41925088713221226
2025-05-28,356.8999938964844,365.0,355.9100036621094,364.8399963378906,91404300,341.317941650282,323.618947756189,303.4991331390092,78.82250100954775,9.089996337890625,15.944996425083705,314.9218003845215,-0.016506435862546853,9.089996337890625,-7.94000244140625,-0.23922564471344954
2025-05-29,358.42999267578125,367.7099914550781,356.0,365.2900085449219,88087800,344.42922365491825,326.93428536757875,305.6532844933924,77.69581737872778,11.709991455078125,15.811425345284599,314.71330032348635,0.004286911755287504,11.709991455078125,-6.860015869140625,-0.03628385097856446
2025-05-30,346.4599914550781,363.67999267578125,345.2900085449219,355.5199890136719,123474900,344.7984541640382,328.79387642353106,307.2535475114977,68.33813513135067,18.389984130859375,15.537852696010045,314.07350021362305,-0.03339564619395741,18.389984130859375,-9.05999755859375,0.4017253240516847
2025-06-02,342.69000244140625,348.0199890136719,333.3299865722656,343.5,81873800,344.4150993053778,330.11731699666205,308.6432124107098,60.56312814670069,14.69000244140625,14.876425606863839,313.38990036010745,-0.01088145559849063,14.69000244140625,-0.80999755859375,-0.3369194872804109
2025-06-03,344.2699890136719,355.3999938964844,343.0400085449219,346.6000061035156,99324500,344.3887156159767,331.4651905220915,310.0403409049436,55.05149385220444,12.709991455078125,14.299281529017858,312.88900039672853,0.004610541775392996,12.3599853515625,-2.33001708984375,0.21314144451582795
2025-06-04,332.04998779296875,345.6000061035156,327.3299865722656,345.1000061035156,98912100,342.14531055724797,331.52088550027025,310.90346431231717,42.151253313194665,18.27001953125,14.466426304408483,312.26010025024414,-0.03549540073392177,18.27001953125,-13.050018310546875,-0.004152047078011978
2025-06-05,284.70001220703125,324.54998779296875,273.2099914550781,322.489990234375,287499800,331.7007108572085,327.0617547104379,309.8758779552471,29.54386486514356,58.839996337890625,17.74356951032366,311.1597004699707,-0.14259893789082123,51.339996337890625,-37.78997802734375,1.9066191092899656
2025-06-06,295.1400146484375,305.5,291.1400146484375,298.8299865722656,164747700,325.0533115465228,324.02158899024744,309.29800096282327,31.13390164793597,20.79998779296875,18.565710885184153,310.07800064086916,0.036670186138995975,14.3599853515625,-3.689971923828125,-0.42696412310547693
2025-06-09,308.5799865722656,309.8299865722656,281.8500061035156,285.9599914550781,140908900,322.05816155120334,322.5509601885349,309.2698435357426,38.89588226109567,27.97998046875,19.377851213727677,309.2002006530762,0.04553761352840424,27.97998046875,22.6199951171875,-0.14469883342832712
2025-06-10,326.0899963378906,327.8299865722656,310.6700134277344,314.94000244140625,151256500,322.79122242151016,322.8880112503783,309.929457371121,44.68110351055573,19.25,19.798566545758927,308.17890060424804,0.05674382827003055,17.15997314453125,11.149993896484375,0.07343468013730847
2025-06-11,326.42999267578125,335.5,322.5,334.3999938964844,122611400,323.4528170131958,323.2253428147024,310.57653718699,47.40510659397059,13.0,19.644995553152903,307.3050004577637,0.0010426457165473302,13.0,-7.970001220703125,-0.1893809522235408
2025-06-12,319.1099853515625,332.55999755859375,316.8599853515625,323.0799865722656,105127500,322.6632112565352,322.83340400868906,310.9111822130517,43.09116490011074,15.70001220703125,19.63214111328125,306.2311003112793,-0.022424432461661592,15.70001220703125,-3.970001220703125,-0.14259603919374542
2025-06-13,325.30999755859375,332.989990234375,313.29998779296875,313.9700012207031,128964300,323.1444451296367,323.06927006106093,311.47584163836706,45.70185665282677,19.69000244140625,20.326426914760045,305.24350021362307,0.019429076154419578,19.69000244140625,11.339996337890625,0.22674181351216371
2025-06-16,329.1300048828125,332.04998779296875,326.4100036621094,331.2900085449219,83925900,324.2327287211232,323.6464829012277,312.1681617656002,38.23528911304182,6.739990234375,19.061425345284597,304.38370040893557,0.011742668079331553,5.639984130859375,-2.160003662109375,-0.3492315315168616
2025-06-17,316.3500061035156,327.260009765625,314.739990234375,326.0899963378906,88282700,322.7995064270127,322.95158034906467,312.33215566120475,36.507619953184836,14.3900146484375,19.439998081752233,303.42340042114256,-0.03882963749794621,12.52001953125,-9.739990234375,0.051912460873222654
2025-06-18,322.04998779296875,329.32000732421875,315.45001220703125,317.30999755859375,95137700,322.663230311732,322.86571439134127,312.7132471173524,38.221957172621586,13.8699951171875,19.594284057617188,302.5781004333496,0.0180179597897272,13.8699951171875,4.739990234375,0.07764828216626807
2025-06-20,322.1600036621094,332.3599853515625,317.7799987792969,327.95001220703125,108688000,322.5717345572551,322.7985038457001,313.08370815832325,41.47846988266417,14.579986572265625,19.32214137486049,301.82820053100585,0.0003416111576173275,14.579986572265625,-5.790008544921875,0.14242829078272856
2025-06-23,348.67999267578125,357.5400085449219,327.4800109863281,327.5400085449219,190716800,327.31869057880533,325.2634075438031,314.47964088449805,51.81152598637165,35.3800048828125,20.799998692103795,301.33410049438476,0.0823193093872907,30.05999755859375,21.139984130859375,0.7547180921536876
2025-06-24,340.4700012207031,356.260009765625,340.44000244140625,356.1700134277344,114736200,329.7098379682413,326.71165456065074,315.4988707016041,48.895095180223414,15.82000732421875,21.022142682756698,300.84780044555663,-0.023545920693855638,15.82000732421875,-15.70001220703125,-0.39839489756539537
2025-06-25,327.54998779296875,343.0,320.3999938964844,342.70001220703125,119845100,329.31713793637357,326.79149582087155,315.97146352871647,48.69686067996979,22.600006103515625,21.331427437918528,300.12050033569335,-0.037947582404945,22.600006103515625,-15.1500244140625,0.04452735928155205
2025-06-26,325.7799987792969,331.04998779296875,323.6099853515625,324.6099853515625,80440900,328.67402172599594,326.695162769293,316.35611196991573,66.16304332425506,7.44000244140625,17.659999302455358,299.33230026245116,-0.0054037218123500486,7.44000244140625,1.170013427734375,-0.32879274997475905
2025-06-27,323.6300048828125,329.3399963378906,317.5,324.510009765625,89067000,327.756927754508,326.40324297058055,316.6413626723823,61.99174825498201,11.839996337890625,17.01999991280692,298.7318003845215,-0.006599526995335614,11.839996337890625,-0.8800048828125,0.10723524972992604
2025-06-30,317.6600036621094,325.5799865722656,316.6000061035156,319.8999938964844,76695100,325.92112337407184,325.57055351263097,316.6813093778618,54.07834014212659,8.97998046875,15.662857055664062,297.9863005065918,-0.018446995428822777,8.97998046875,-2.239990234375,-0.13890554301817737
2025-07-01,300.7099914550781,305.8900146484375,293.2099914550781,298.4599914550781,145085700,321.3372812069821,323.20288093572117,316.0549831848115,38.54279403887823,24.45001220703125,16.034286499023438,297.2117002868652,-0.05335897504131726,12.680023193359375,2.25,0.8917205923194571
2025-07-02,315.6499938964844,316.8299865722656,303.82000732421875,312.6300048828125,119483700,320.3032289687098,322.4835583605558,316.0391012519359,45.7003839284171,16.1199951171875,16.25714329310826,296.6250001525879,0.04968242780731846,13.009979248046875,3.019989013671875,-0.17646122257396835
2025-07-03,315.3500061035156,318.45001220703125,312.760009765625,317.989990234375,58042300,319.4026429932199,321.8041724313139,316.01207791278216,48.41136582541748,5.69000244140625,15.542142595563616,296.1623002624512,-0.0009503811144286889,5.69000244140625,-2.639984130859375,-0.5142241159254359
2025-07-07,293.94000244140625,296.1499938964844,288.7699890136719,291.3699951171875,131177900,314.77307198379924,319.15044195608453,315.14650632566935,38.25533583506659,26.58001708984375,16.034286499023438,295.59440017700194,-0.06789282780315342,7.3800048828125,2.57000732421875,1.2600396607301918
2025-07-08,297.80999755859375,304.04998779296875,294.3500061035156,297.0,103246700,311.6888766337619,317.11801868013305,314.4666432367644,38.27843823067456,10.1099853515625,16.275000435965403,295.2875001525879,0.013165935514200422,9.699981689453125,0.80999755859375,-0.21292611026704955
2025-07-09,295.8800048828125,300.1499938964844,293.54998779296875,297.54998779296875,75586800,308.81453631540745,315.0953506994358,313.73775545817807,41.661911890074045,6.600006103515625,15.718571254185267,294.88120010375974,-0.0064806174796113725,6.600006103515625,-1.66998291015625,-0.2679010564018026
2025-07-10,309.8699951171875,310.4800109863281,300.0,300.04998779296875,104365300,309.0064379157311,314.59769778684074,313.58607858206085,45.352566117937045,14.600006103515625,15.770714896065849,294.4205000305176,0.0472826483827995,10.480010986328125,9.82000732421875,0.3807344668645849
2025-07-11,313.510009765625,314.0899963378906,305.6499938964844,307.8900146484375,79236400,309.8252691611663,314.49410845148685,313.5830954912202,46.78606101384959,8.44000244140625,15.332144601004464,293.99720016479495,0.01174690904506881,8.44000244140625,5.6199951171875,-0.2407783046663977
2025-07-14,316.8999938964844,322.6000061035156,312.6700134277344,317.7300109863281,78043400,311.11158274940595,314.7232403986295,313.7131699384855,35.74120298548743,9.92999267578125,13.514286586216517,293.62510025024415,0.010813001260769006,9.92999267578125,-0.83001708984375,-0.015056211539141051
2025-07-15,310.7799987792969,321.20001220703125,310.5,319.67999267578125,77556300,311.0512947548406,314.3476935777407,313.5981436185174,36.42432141282325,10.70001220703125,13.148572649274554,293.1273002624512,-0.01931207079538977,10.70001220703125,-8.899993896484375,-0.006241399016444715
2025-07-16,321.6700134277344,323.5,312.6199951171875,312.79998779296875,97284800,312.98197087718495,315.0450573729782,313.9146875326043,47.26054060940193,12.720001220703125,12.442858014787946,292.80000045776364,0.03504091219258654,10.8800048828125,8.870025634765625,0.25437649810524743
2025-07-17,319.4100036621094,324.3399963378906,317.05999755859375,323.1499938964844,73922900,314.1507041108075,315.4607665433716,314.13019012591826,47.045730794249636,7.279998779296875,12.431429181780134,292.61610061645507,-0.007025863995037018,7.279998779296875,-3.739990234375,-0.24013926122066342
2025-07-18,329.6499938964844,330.8999938964844,321.4200134277344,321.6600036621094,94255000,316.9687567991123,316.8121215293824,314.73880988162676,52.5970618337774,11.489990234375,12.406428745814733,292.60730056762696,0.03205907804067243,9.47998046875,7.989990234375,0.2750446749248203
2025-07-21,328.489990234375,338.0,326.8800048828125,334.3999938964844,75768800,319.06352651461464,317.92429950128644,315.2780718562443,54.8744202580245,11.1199951171875,12.559286934988839,292.864200592041,-0.0035188948387289143,11.1199951171875,-5.910003662109375,-0.19612964829452018
2025-07-22,332.1099853515625,335.4100036621094,321.54998779296875,329.739990234375,77370400,321.4356099395143,319.2753172013127,315.9381468952764,66.05973842159531,13.860015869140625,11.802858625139509,293.277300567627,0.0110201078413521,13.860015869140625,2.3699951171875,0.021137988195669033
2025-07-23,332.55999755859375,336.20001220703125,328.6700134277344,330.8999938964844,92553800,323.458225870256,320.54052485438706,316.58998417619085,60.15372036336703,7.529998779296875,11.189287458147321,293.7834004211426,0.0013550095657464123,7.529998779296875,1.660003662109375,0.19624300766184488
2025-07-24,305.29998779296875,310.1499938964844,300.4100036621094,310.0,156966000,320.1567280380219,319.089045134252,316.1472392199861,45.44134205348424,32.149993896484375,13.079286847795759,293.906600189209,-0.08197020076301287,9.739990234375,-4.70001220703125,0.69594333241855
2025-07-25,316.05999755859375,323.6300048828125,308.010009765625,308.739990234375,148227000,319.41186795085315,318.8005644127607,316.14381797836285,61.10664356345222,18.33001708984375,12.490001133510045,294.22070022583006,0.03524405566934252,15.6199951171875,7.32000732421875,-0.05567447727533348
2025-07-28,325.5899963378906,330.489990234375,315.69000244140625,318.45001220703125,112673800,320.5351640212236,319.44717697705875,316.51425634540317,63.198400466289016,14.79998779296875,12.825001307896205,294.75620010375974,0.030152499060024596,14.79998779296875,7.139984130859375,-0.23985643641171983
2025-07-29,321.20001220703125,326.25,318.25,325.54998779296875,87358900,320.65604550955226,319.61411366562754,316.6980114772317,61.754876719765925,8.0,12.925000871930804,295.1772001647949,-0.013483166498468035,8.0,-4.3499755859375,-0.22467423660158792
2025-07-30,319.0400085449219,324.45001220703125,311.6199951171875,322.17999267578125,83931900,320.36222060689215,319.5594369874651,316.7898544994941,54.78252371740737,12.83001708984375,12.798573085239955,295.7331001281738,-0.006724793213012448,12.83001708984375,-3.139984130859375,-0.03922897380804935
2025-07-31,308.2699890136719,321.3699951171875,306.1000061035156,319.6099853515625,85270900,318.16363304448845,318.4842514661515,316.455742127501,47.456301359513255,15.269989013671875,13.286429268973214,296.1890998840332,-0.03375758288237862,15.269989013671875,-11.339996337890625,0.015953409847745625
2025-08-01,302.6300048828125,309.30999755859375,297.82000732421875,306.2099914550781,89121400,315.3393370150928,316.9743232201192,315.91355635319957,43.220909797604,11.489990234375,13.397857666015625,296.9938999938965,-0.01829559909125389,11.489990234375,-3.579986572265625,0.045156084901179616
2025-08-04,309.260009765625,312.1199951171875,303.0,309.0799865722656,78683900,314.2340047879168,316.2396267006435,315.65263295760843,49.281397298260444,9.489990234375,13.311427525111608,297.7807000732422,0.021907956170373222,9.1199951171875,0.180023193359375,-0.11711553005226583
2025-08-05,308.7200012207031,312.45001220703125,305.5,308.95001220703125,57961300,313.231458684787,315.52347189303015,315.3807650463572,43.21349566721554,6.95001220703125,12.899285452706474,298.38700012207033,-0.0017461311772288823,6.95001220703125,-0.230010986328125,-0.26336518652481633
2025-08-06,319.9100036621094,320.4700012207031,306.92999267578125,307.8900146484375,78523600,314.4457395897547,315.94123682341865,315.558382246975,50.23960124176152,13.540008544921875,13.346429007393974,299.1793002319336,0.03624644466558724,13.540008544921875,12.019989013671875,0.35475912376016416
2025-08-07,322.2699890136719,322.3999938964844,316.1600036621094,319.7900085449219,66658700,315.8683303941032,316.5439751272523,315.8215825123356,46.174578477234576,6.239990234375,12.971429007393974,299.9022001647949,0.007377028928595486,6.239990234375,2.47998046875,-0.15109979674900287
2025-08-08,329.6499938964844,335.1499938964844,320.9800109863281,321.42999267578125,91200300,318.3740873945361,317.7921673909887,316.3638731548513,50.56486336194381,14.16998291015625,13.189285278320312,300.8186001586914,0.02290006868278205,14.16998291015625,8.220001220703125,0.3681679960755311
2025-08-11,339.0299987792969,346.6400146484375,334.1499938964844,335.0,105320200,322.1297076463108,319.814817999399,317.2527408263982,53.190709758614595,16.990020751953125,13.412857055664062,301.95580017089844,0.02845443669493286,12.490020751953125,4.029998779296875,0.15482295562624238
2025-08-12,340.8399963378906,345.260009765625,332.94000244140625,345.0,80522100,325.53157831750707,321.8172159363982,318.17773123861366,53.770490618625665,12.32000732421875,13.755000523158483,303.00560012817385,0.005338753399730889,12.32000732421875,-4.160003662109375,-0.23545435728378794
2025-08-13,339.3800048828125,348.9800109863281,338.20001220703125,341.5,67838900,328.0494740566535,323.4898625027234,319.0091929501509,70.28572445824032,10.779998779296875,12.228572300502233,304.03680023193357,-0.004283509772223915,10.779998779296875,-2.1199951171875,-0.15751203706808437
2025-08-14,335.5799865722656,340.4700012207031,330.3999938964844,335.760009765625,75000700,329.4186581504011,324.64130289029885,319.65902799415545,62.66873497443202,10.07000732421875,11.638571602957589,304.9055000305176,-0.011196942235471519,10.07000732421875,-0.180023193359375,0.1055706976380808
2025-08-15,330.55999755859375,339.29998779296875,327.0199890136719,337.6600036621094,74319800,329.62617440643606,325.20498809680316,320.08651699668246,53.42616938118699,12.279998779296875,11.458572387695312,305.4271998596191,-0.014959143019665277,12.279998779296875,-7.100006103515625,-0.009078581933235297
2025-08-18,335.1600036621094,336.2699890136719,329.5899963378906,329.6199951171875,56956600,330.6323251801948,326.1530848173085,320.6776341208169,59.59581212018233,6.67999267578125,11.364286150251116,305.89739974975583,0.013915797850586165,6.67999267578125,5.540008544921875,-0.2336281852211658
2025-08-19,329.30999755859375,340.54998779296875,327.8500061035156,335.7900085449219,75956000,330.3919019762674,326.4537431736214,321.01615817720034,56.7185567821234,12.699981689453125,11.354997907366071,306.4698997497559,-0.017454368181154756,12.699981689453125,-6.480010986328125,0.33357679355860426
2025-08-20,323.8999938964844,331.3699951171875,314.6000061035156,329.2200012207031,77481800,329.21155505267046,326.21052895675115,321.12924977403503,60.99620323064622,16.769989013671875,11.462140764508929,306.97759963989256,-0.016428300696053943,16.769989013671875,-5.32000732421875,0.020087945652746297
2025-08-21,320.1099853515625,324.8999938964844,318.67999267578125,322.0799865722656,55744400,327.5567241979236,325.62952480387605,321.08927862021255,62.626388654978705,6.220001220703125,11.08571297781808,307.5431996154785,-0.011701168929731831,6.220001220703125,-1.970001220703125,-0.28054846428451585
2025-08-22,340.010009765625,340.25,319.69000244140625,321.6600036621094,94016300,329.8209579375056,326.9990948002331,321.8312680768954,68.63861127902942,20.55999755859375,11.876427786690849,308.35169967651365,0.062166209505171155,20.55999755859375,18.350006103515625,0.6865604437396402
2025-08-25,346.6000061035156,349.5299987792969,335.0299987792969,338.8999938964844,86670000,332.8716939676892,328.8658482576886,322.8025911367629,71.39145480615453,14.5,12.415712629045759,309.133099822998,0.019381771561470362,14.5,7.70001220703125,-0.0781385780976277
2025-08-26,351.6700134277344,351.8999938964844,343.7200012207031,344.92999267578125,76651600,336.28957023315195,331.03767351197865,323.93464691287943,69.267163814362,8.17999267578125,12.032854352678571,309.82219985961916,0.01462783391499567,8.17999267578125,6.740020751953125,-0.11559247721241495
2025-08-27,349.6000061035156,355.3900146484375,349.1600036621094,351.94000244140625,65519000,338.709649482309,332.80551471117263,324.9411315870221,66.638253472937,6.230010986328125,12.032141549246651,310.6453999328613,-0.0058862207330171445,6.230010986328125,-2.339996337890625,-0.14523636819061836
2025-08-28,345.9800109863281,353.54998779296875,340.260009765625,350.9100036621094,67903200,340.0315333921306,334.06022864213986,325.7661856811125,60.41853093616508,13.28997802734375,11.969284057617188,311.7109001159668,-0.010354676927882056,13.28997802734375,-4.92999267578125,0.03638944428333768
2025-08-29,333.8699951171875,348.75,331.70001220703125,347.2300109863281,81145700,338.91125370577726,334.04211116357294,326.08398212958605,46.81874266929622,17.04998779296875,11.973567417689733,312.71670013427735,-0.03500206799409333,17.04998779296875,-13.360015869140625,0.19502026414071794
2025-09-02,329.3599853515625,333.3299865722656,325.6000061035156,328.2300109863281,58392000,337.1746594595563,333.59619441957193,326.21245284417336,43.15035792569523,8.269989013671875,11.684280395507812,313.7916999816895,-0.01350828116207925,7.72998046875,1.129974365234375,-0.28040549283572636
2025-09-03,334.0899963378906,343.3299865722656,328.510009765625,335.20001220703125,88733300,336.61381161925345,333.64322317369755,326.52137611843676,46.96221285311868,14.819976806640625,11.972850254603795,314.41059982299805,0.014361219324440011,14.819976806640625,-1.110015869140625,0.5196139882175641
2025-09-04,338.5299987792969,338.8900146484375,331.4800109863281,336.1499938964844,60711000,336.96220928471587,334.1086303742308,326.992302497294,51.68168362511326,7.410003662109375,11.782849993024554,315.2718998718262,0.01328983953448204,7.410003662109375,2.3800048828125,-0.31580364981354236
2025-09-05,350.8399963378906,355.8699951171875,344.67999267578125,348.0,108989800,339.485443294384,335.7020937993413,327.9275061773174,60.67367328169336,17.339996337890625,12.144278390066964,316.25719985961916,0.036363092201525005,11.19000244140625,2.839996337890625,0.7952232709064255
2025-09-08,346.3999938964844,358.44000244140625,344.8399963378906,354.6400146484375,75208300,340.7426343129477,336.72094142764064,328.651917460422,55.92575907739436,13.600006103515625,12.638565063476562,317.1976997375488,-0.01265534855703887,13.600006103515625,-8.240020751953125,-0.3099510229397613
2025-09-09,346.9700012207031,350.7699890136719,343.82000732421875,348.44000244140625,53816000,341.8748828416305,337.6970423603132,329.3702736863154,59.8593044275319,6.949981689453125,12.227850777762276,318.12629974365234,0.001645517708609212,6.949981689453125,-1.470001220703125,-0.28444068008451195
2025-09-10,347.7900085449219,356.3299865722656,346.07000732421875,350.54998779296875,72121700,342.9503602422289,338.6582772350379,330.0926162297901,64.05789606005101,10.259979248046875,11.762850080217634,319.18869979858397,0.0023633378140295314,10.259979248046875,-2.759979248046875,0.34015348595213313
2025-09-11,368.80999755859375,368.989990234375,347.6000061035156,350.1700134277344,103756000,347.652112481568,341.5298696468051,331.610944909351,73.82582059976852,21.389984130859375,12.846420288085938,320.46309982299806,0.06043873744853956,21.389984130859375,18.639984130859375,0.43862388157794396
2025-09-12,395.94000244140625,396.69000244140625,370.239990234375,370.94000244140625,168156400,356.4317288379022,346.7117870558147,334.133653047863,75.5551335209621,27.8800048828125,13.369277954101562,322.1474998474121,0.07356092584909457,26.45001220703125,25.0,0.6206908516134007
2025-09-15,410.0400085449219,425.70001220703125,402.42999267578125,423.1300048828125,163823700,366.17868878463304,352.7430462452535,337.11037287127704,77.12500769854682,29.760009765625,14.459278651646205,323.8681999206543,0.03561147147692467,23.27001953125,-13.089996337890625,-0.025765894131891454
2025-09-16,421.6199951171875,423.25,411.42999267578125,414.5,104285700,376.25892629964295,359.30275566162817,340.42447570445,78.3312910006425,13.209991455078125,14.818564278738839,325.57699981689456,0.028241113869250656,11.82000732421875,7.1199951171875,-0.36342726968076045
2025-09-17,425.8599853515625,428.30999755859375,409.6700134277344,415.75,106133500,385.2773006727192,365.64153944162194,343.774887847474,80.35343244944448,18.639984130859375,15.704990931919642,327.2404995727539,0.01005642588937583,18.639984130859375,10.1099853515625,0.017718632564196257
2025-09-18,416.8500061035156,432.2200012207031,416.55999755859375,428.8699951171875,90454500,391.0177925692276,370.51853626656424,346.64057875947566,77.0475497421811,15.660003662109375,15.874278477260045,328.55949951171874,-0.021157139806429193,15.660003662109375,-12.019989013671875,-0.14772903937022708
2025-09-19,426.07000732421875,429.4700012207031,421.7200012207031,421.82000732421875,93131000,397.3909225246805,375.8091525577694,349.7554583110342,85.98189811149254,12.6199951171875,15.557850428989955,329.96139953613283,0.022118270566640064,7.75,4.25,0.029589462105257258
2025-09-22,434.2099914550781,444.9800109863281,429.1300048828125,431.1099853515625,97108800,404.08529869384364,381.3711372146559,353.0674007872712,89.7912828805265,18.910003662109375,16.31785147530692,331.3831994628906,0.019104804353584193,15.850006103515625,3.100006103515625,0.04271187896618733
2025-09-23,425.8500061035156,440.9700012207031,423.7200012207031,439.8800048828125,83422700,408.04251822287483,385.60721996597584,355.9216206035945,83.88980936086183,17.25,16.491424560546875,332.8200994873047,-0.019253323313789705,17.25,-14.029998779296875,-0.14093573393966352
2025-09-24,442.7900085449219,444.2099914550781,429.0299987792969,429.8299865722656,93133600,414.3602437359743,391.05319983063737,359.328224052274,85.25157200256722,18.3599853515625,17.273566109793528,334.4427996826172,0.03977927016229388,15.17999267578125,12.96002197265625,0.11640596624180222
2025-09-25,423.3900146484375,435.3500061035156,419.0799865722656,435.239990234375,96746400,416.002020265513,394.1328964799517,361.8404511344765,73.40777128250875,23.71002197265625,17.728567940848215,335.8045999145508,-0.04381307961359793,16.27001953125,-11.8499755859375,0.038791585421373176
2025-09-26,440.3999938964844,440.4700012207031,421.0199890136719,428.29998779296875,101628200,420.4380154711441,398.53928671009766,364.92121751730036,78.05301616700194,19.45001220703125,18.14642551967076,337.4059997558594,0.0401756741055197,19.45001220703125,12.100006103515625,0.05045975870936803
2025-09-29,443.2099914550781,450.9800109863281,439.5,444.3500061035156,79491500,424.57837474095027,402.7936395429529,367.99136551486026,78.34257357260412,11.480010986328125,18.469999040876115,339.084599609375,0.00638055766924972,11.480010986328125,-1.1400146484375,-0.2178204474742247
2025-09-30,444.7200012207031,445.0,433.1199951171875,441.5199890136719,74358000,428.24048864635984,406.7866263694053,371.0003316209718,78.43023524344437,11.8800048828125,18.58571515764509,340.769599609375,0.0034069849388267404,11.8800048828125,3.20001220703125,-0.0645792317417585
2025-10-01,459.4599914550781,462.2900085449219,440.75,443.79998779296875,98122300,433.9167618843086,411.8031373299456,374.469337888976,77.60522659578916,21.540008544921875,18.596431187220983,342.5159994506836,0.033144428390707636,21.540008544921875,15.660003662109375,0.3195930498399635
2025-10-02,436.0,470.75,435.57000732421875,470.5400085449219,137009000,434.29553245079796,414.10760044137936,376.8823050305848,62.478203073965446,35.17999267578125,19.11785888671875,343.89339935302735,-0.051059922281332826,35.17999267578125,-34.540008544921875,0.39630848441180033
2025-10-03,429.8299865722656,446.7699890136719,416.5799865722656,443.2900085449219,133188200,433.48361501833756,415.60497054908285,378.95868469888603,56.48469440203389,30.19000244140625,19.148572649274552,345.00789916992187,-0.014151406944344913,30.19000244140625,-13.46002197265625,-0.02788721908779712
2025-10-06,453.25,453.54998779296875,436.69000244140625,440.75,85324900,437.07750319682157,419.1902114491702,381.8720696126552,59.61808004394919,23.720001220703125,19.899287632533483,346.1996990966797,0.054486690457546505,16.8599853515625,12.5,-0.35936591980370636
2025-10-07,433.0899963378906,452.67999267578125,432.45001220703125,447.82000732421875,102296100,436.3525019497432,420.51400048619115,383.88061575874286,52.00443947559499,20.79998779296875,20.053573608398438,347.0537991333008,-0.044478772558432134,20.22998046875,-14.730010986328125,0.1989009070037
2025-10-08,438.69000244140625,441.3299865722656,425.2300109863281,437.57000732421875,71192100,436.7775020391365,422.24504829144973,386.03000347178846,56.17158353209546,16.0999755859375,20.08500017438616,348.01249908447267,0.012930352007360923,16.0999755859375,1.1199951171875,-0.30405851249461124
2025-10-09,435.5400085449219,436.3500061035156,426.17999267578125,431.80999755859375,69339900,436.5525032220065,423.5112349822566,387.97157229818583,52.771113473012555,12.510009765625,20.077144077845983,348.86809906005857,-0.007180455170972544,10.170013427734375,3.730010986328125,-0.026016931653933484
2025-10-10,413.489990234375,443.1300048828125,411.45001220703125,436.5400085449219,112107900,432.3593190424371,422.5568307205536,388.9722945701933,44.39333224440289,31.67999267578125,20.989286150251115,349.58209899902346,-0.05062684914805626,31.67999267578125,-23.050018310546875,0.6167877369306849
2025-10-13,435.8999938964844,436.8900146484375,419.70001220703125,423.5299987792969,79552800,433.0030781068093,423.82760816588035,390.81259650455763,52.52728132805711,23.4000244140625,21.428573608398438,350.5028988647461,0.054197209585187034,17.19000244140625,12.3699951171875,-0.29039077531556656
2025-10-14,429.239990234375,434.20001220703125,417.8599853515625,426.7900085449219,72669400,432.31888031182126,424.3430731247846,392.31955312141326,46.406784143550276,18.040008544921875,21.405718122209823,351.449098815918,-0.015278742269702716,16.34002685546875,2.449981689453125,-0.08652618135376755
2025-10-15,435.1499938964844,440.510009765625,426.3299865722656,434.8999938964844,71558200,432.8336282363054,425.37230367447034,393.99917824984743,53.358841929046726,14.180023193359375,20.725003923688615,352.3901986694336,0.013768529951932784,14.180023193359375,0.25,-0.01529116794689378
2025-10-16,428.75,439.3500061035156,421.30999755859375,434.7300109863281,77189900,432.0911503751589,425.6939890388065,395.36195557338283,46.45789271213701,18.040008544921875,20.62428937639509,353.2842987060547,-0.01470755828163206,18.040008544921875,-5.980010986328125,0.0787009734733406
2025-10-17,439.30999755859375,441.4599914550781,423.6000061035156,425.5,89331600,433.4036680448743,426.9907517549767,397.0854082002539,48.86759787199315,17.8599853515625,21.080001831054688,354.0484985351562,0.02462973191508744,17.8599853515625,13.80999755859375,0.15729648568012133
2025-10-20,447.42999267578125,449.79998779296875,440.6099853515625,443.8699951171875,63719000,435.95390888685733,428.93734612838665,399.0597056306667,50.75778508740115,10.489990234375,20.98071507045201,354.9537985229492,0.018483519979771268,9.19000244140625,3.55999755859375,-0.28671377205826387
2025-10-21,442.6000061035156,449.29998779296875,442.04998779296875,445.760009765625,54412200,437.16229019897696,430.2385518403037,400.7671683943079,45.008886052547325,7.25,19.96000017438616,355.7954986572266,-0.010794954856246153,7.25,-3.160003662109375,-0.14606004488457136
2025-10-22,438.9700012207031,445.5400085449219,429.0,443.45001220703125,84023500,437.4909649301999,431.0701184479608,402.26531870122534,50.99617644957436,16.540008544921875,18.628572736467635,356.7205987548828,-0.008201547294971134,16.540008544921875,-4.480010986328125,0.5442033220490994
2025-10-23,448.9800109863281,449.3999938964844,413.8999938964844,420.0,126709800,439.57988239495046,432.77582249923387,404.0972674182882,56.261859961249804,35.5,19.007858276367188,357.783498840332,0.022803402824313368,35.5,28.980010986328125,0.5080281111831808
2025-10-24,433.7200012207031,451.67999267578125,430.1700134277344,446.8299865722656,94727800,438.51444945417825,432.86574428223093,405.25894325367705,43.25388785430163,21.509979248046875,18.849999564034597,358.67799896240234,-0.03398817183887881,21.509979248046875,-13.1099853515625,-0.2524035236422124
2025-10-27,452.4200134277344,460.1600036621094,438.69000244140625,439.9800109863281,105867500,441.0427338130066,434.72805562942176,407.10839698599307,56.7450665853376,26.44000244140625,19.252857753208705,359.88169921875,0.043115401997602554,21.470001220703125,12.44000244140625,0.11759694619742045
2025-10-28,460.54998779296875,467.0,451.6000061035156,454.7799987792969,80185700,444.5895072639088,437.18728726404527,409.20414564509014,57.495537050330356,15.399993896484375,19.20285906110491,361.64019897460935,0.017969970655449252,15.399993896484375,5.769989013671875,-0.24258436252863247
2025-10-29,461.510009765625,465.70001220703125,452.6499938964844,462.5,67983500,447.66596226422075,439.50373702610045,411.25535600275816,59.04058860262333,13.050018310546875,19.241431100027903,363.30389892578125,0.0020845119924046696,13.050018310546875,-0.989990234375,-0.15217426548624002
2025-10-30,440.1000061035156,455.05999755859375,439.6099853515625,451.04998779296875,72447900,446.29033387136525,439.56052455728286,412.38651875180744,59.304850691399444,21.9000244140625,18.542861938476562,364.61909912109377,-0.04639120107705208,15.45001220703125,-10.949981689453125,0.06566887553597556
2025-10-31,456.55999755859375,458.0,443.69000244140625,446.75,83135800,448.15754545086133,441.17952198597914,414.1188120383481,57.53794599163974,17.899993896484375,18.15000261579241,365.9237991333008,0.03740057084027071,14.30999755859375,9.80999755859375,0.14752532509568939
2025-11-03,468.3699951171875,474.07000732421875,453.79998779296875,455.989990234375,84595200,451.83253629928424,443.76909085561806,416.24630941398885,63.7597595509351,20.27001953125,18.309289114815847,367.3431991577148,0.02586735066967427,20.27001953125,12.3800048828125,0.017554410975777035
2025-11-04,444.260009765625,460.2200012207031,443.6000061035156,454.4599914550781,87756600,450.45571329316437,443.8158450375235,417.3448858983667,52.8399578435359,24.769989013671875,19.06571524483817,368.59469940185545,-0.05147636612701911,16.6199951171875,-10.199981689453125,0.03737091466182485
2025-11-05,462.07000732421875,466.3299865722656,440.7099914550781,452.04998779296875,85295600,452.5674031169924,445.5543366838754,419.0988122287923,59.697325288629166,25.6199951171875,19.607142857142858,369.96229949951174,0.040089130615176494,25.6199951171875,10.02001953125,-0.028043474792779133
2025-11-06,442.94000244140625,467.45001220703125,435.0899963378906,461.9599914550781,59226097,450.8169666305222,445.3053524703069,420.03376086458115,51.00626628072315,32.360015869140625,20.642859322684153,371.1003994750977,-0.04140066349164628,32.360015869140625,-19.019989013671875,-0.3056371372028569
